<data>
    <student name="Anna">
        <email>anna@mail.com</email>
        <grade>A</grade>
        <age>13</age>
    </student>
    <student name="Bob">
        <email>bob@mail.com</email>
        <grade>B</grade>
        <age>12</age>
    </student>
    <student name="Charles">
        <email>charles@mail.com</email>
        <grade>C</grade>
        <age>8</age>
    </student>
    <student name="Damon">
        <email>damon@mail.com</email>
        <grade>A</grade>
        <age>9</age>
    </student>
</data>